1,475.0600000000,20201002 19:45:04.064
2,475.0500000000,20201002 19:45:09.064
3,475.0400000000,20201002 19:45:14.064
4,475.0300000000,20201002 19:45:34.064
5,475.0000000000,20201002 19:45:44.064
6,475.0300000000,20201002 19:45:49.063
7,475.0000000000,20201002 19:45:59.064
8,475.0100000000,20201002 19:46:19.065
9,475.0200000000,20201002 19:46:24.064
10,474.9900000000,20201002 19:46:29.064
11,475.0200000000,20201002 19:46:39.065
12,474.6200000000,20201002 19:46:44.064
13,474.6300000000,20201002 19:46:49.064
14,474.7700000000,20201002 19:46:54.064
15,474.7500000000,20201002 19:47:04.063
16,475.2200000000,20201002 19:47:19.063
17,475.2100000000,20201002 19:47:24.064
18,475.0600000000,20201002 19:47:29.063
19,475.9300000000,20201002 19:47:34.065
20,475.9000000000,20201002 19:47:39.065
21,475.9100000000,20201002 19:47:44.062
22,475.8700000000,20201002 19:47:54.064
23,475.8900000000,20201002 19:47:59.063
24,475.8800000000,20201002 19:48:14.064
25,475.8900000000,20201002 19:48:19.064
26,475.8500000000,20201002 19:48:34.063
27,475.8900000000,20201002 19:48:39.065
28,475.9100000000,20201002 19:48:54.065
29,475.9300000000,20201002 19:48:59.064
30,475.8900000000,20201002 19:49:09.063
31,475.8000000000,20201002 19:49:14.065
32,475.8300000000,20201002 19:49:19.062
33,475.8400000000,20201002 19:49:29.064
34,475.8800000000,20201002 19:49:34.064
35,475.8900000000,20201002 19:49:39.062
36,475.8500000000,20201002 19:49:44.063
37,475.8300000000,20201002 19:49:49.063
38,475.8200000000,20201002 19:49:54.064
39,475.8400000000,20201002 19:49:59.063
40,475.8200000000,20201002 19:50:09.063
41,475.7100000000,20201002 19:50:14.062
42,475.7400000000,20201002 19:50:19.063
43,475.7200000000,20201002 19:50:29.063
44,475.7300000000,20201002 19:50:34.064
45,475.7100000000,20201002 19:50:49.063
46,475.7600000000,20201002 19:50:59.068
47,475.8600000000,20201002 19:51:04.064
48,475.8100000000,20201002 19:51:14.065
49,475.7700000000,20201002 19:51:19.066
50,475.7500000000,20201002 19:51:34.064
51,475.7700000000,20201002 19:51:39.064
52,475.7600000000,20201002 19:51:44.064
53,475.7100000000,20201002 19:51:49.065
54,475.6700000000,20201002 19:51:59.065
55,475.6400000000,20201002 19:52:09.065
56,475.7000000000,20201002 19:52:19.062
57,475.6700000000,20201002 19:52:24.062
58,475.6100000000,20201002 19:52:29.063
59,475.7600000000,20201002 19:52:34.062
60,475.7800000000,20201002 19:52:44.065
61,475.7300000000,20201002 19:52:49.062
62,475.6200000000,20201002 19:52:59.063
63,475.6400000000,20201002 19:53:09.066
64,475.6100000000,20201002 19:53:14.065
65,475.6000000000,20201002 19:53:24.063
66,475.6700000000,20201002 19:53:29.062
67,475.7300000000,20201002 19:53:34.063
68,475.7100000000,20201002 19:53:44.063
69,475.7200000000,20201002 19:53:49.063
70,475.7500000000,20201002 19:53:54.065
71,475.7700000000,20201002 19:54:04.066
72,475.7800000000,20201002 19:54:14.063
73,475.7700000000,20201002 19:54:19.064
74,475.7500000000,20201002 19:54:24.063
75,475.6700000000,20201002 19:54:29.064
76,475.6800000000,20201002 19:54:34.063
77,475.6900000000,20201002 19:54:39.064
78,475.6400000000,20201002 19:54:44.064
79,475.6900000000,20201002 19:54:54.063
80,475.6600000000,20201002 19:54:59.064
81,475.6100000000,20201002 19:55:09.064
82,475.5500000000,20201002 19:55:14.062
83,475.6300000000,20201002 19:55:19.065
84,475.6400000000,20201002 19:55:24.064
85,475.0600000000,20201002 19:44:49.064
86,475.0400000000,20201002 19:44:59.065
87,475.6100000000,20201002 19:55:29.064
88,475.6000000000,20201002 19:55:34.065
89,475.5900000000,20201002 19:55:54.065
90,475.6000000000,20201002 19:55:59.063
91,475.5700000000,20201002 19:56:04.064
92,475.6200000000,20201002 19:56:14.064
93,475.6800000000,20201002 19:56:19.064
94,475.6400000000,20201002 19:56:24.065
95,475.6700000000,20201002 19:56:29.065
96,475.6900000000,20201002 19:56:34.065
97,475.7200000000,20201002 19:56:39.065
98,475.6600000000,20201002 19:56:49.063
99,475.6800000000,20201002 19:56:59.063
100,475.6600000000,20201002 19:57:04.064
101,475.6400000000,20201002 19:57:14.063
102,475.6600000000,20201002 19:57:19.065
103,475.6700000000,20201002 19:57:29.064
104,475.6800000000,20201002 19:57:34.063
105,475.6500000000,20201002 19:57:44.062
106,475.6100000000,20201002 19:57:49.065
107,475.6300000000,20201002 19:57:54.063
108,475.6100000000,20201002 19:57:59.064
109,475.6400000000,20201002 19:58:04.064
110,475.6300000000,20201002 19:58:09.064
111,475.6800000000,20201002 19:58:14.064
112,475.7200000000,20201002 19:58:19.062
113,475.7900000000,20201002 19:58:24.064
114,475.7100000000,20201002 19:58:29.064
115,475.7000000000,20201002 19:58:39.066
116,475.6600000000,20201002 19:58:44.066
117,475.6400000000,20201002 19:58:59.064
118,475.6600000000,20201002 19:59:04.065
119,475.6800000000,20201002 19:59:09.064
120,475.6400000000,20201002 19:59:19.064
121,475.6600000000,20201002 19:59:24.064
122,475.6400000000,20201002 19:59:29.065
123,475.6600000000,20201002 19:59:34.065
124,475.6000000000,20201002 19:59:39.064
125,475.6400000000,20201002 19:59:44.064
126,475.6000000000,20201002 19:59:59.064
127,475.5600000000,20201002 20:00:04.065
128,475.6000000000,20201002 20:00:09.065
129,475.6700000000,20201002 20:00:14.064
130,475.9600000000,20201002 20:01:04.065
131,475.9500000000,20201002 20:13:19.066
132,475.9600000000,20201002 20:15:39.063
133,475.9500000000,20201002 20:19:49.063
134,475.9600000000,20201002 20:21:59.062
135,475.9500000000,20201002 20:23:04.063
136,475.9600000000,20201002 20:24:09.062
137,475.9500000000,20201002 20:25:14.062
138,475.9600000000,20201002 20:26:19.062
139,475.9500000000,20201002 20:28:29.061
140,475.9600000000,20201002 20:29:34.062
141,475.6400000000,20201002 19:55:39.065
142,475.6000000000,20201002 19:55:44.064
143,475.6400000000,20201002 18:41:39.064
144,475.6600000000,20201002 18:41:44.063
145,475.6800000000,20201002 18:41:54.064
146,475.7300000000,20201002 18:42:44.064
147,475.7500000000,20201002 18:42:59.065
148,475.7300000000,20201002 18:43:14.066
149,475.6900000000,20201002 18:43:24.065
150,475.6500000000,20201002 18:43:29.064
151,475.6900000000,20201002 18:43:49.064
152,475.6200000000,20201002 18:44:14.068
153,475.6600000000,20201002 18:44:49.065
154,475.7000000000,20201002 18:44:54.071
155,475.6500000000,20201002 18:45:39.066
156,475.6200000000,20201002 18:45:49.066
157,475.6700000000,20201002 18:45:54.065
158,475.6500000000,20201002 18:45:59.066
159,475.6600000000,20201002 18:46:09.064
160,475.6100000000,20201002 18:46:29.064
161,475.6300000000,20201002 18:46:39.064
162,475.6800000000,20201002 18:46:49.066
163,475.6500000000,20201002 18:46:54.065
164,475.7400000000,20201002 18:46:59.065
165,475.7700000000,20201002 18:47:14.065
166,475.7500000000,20201002 18:47:54.063
167,475.7300000000,20201002 18:47:59.065
168,475.8200000000,20201002 18:48:14.066
169,475.8600000000,20201002 18:48:19.065
170,475.8100000000,20201002 18:48:34.065
171,475.7700000000,20201002 18:48:39.065
172,475.7900000000,20201002 18:48:49.065
173,475.8500000000,20201002 18:48:54.065
174,475.8100000000,20201002 18:49:09.065
175,475.7500000000,20201002 18:49:14.066
176,475.7400000000,20201002 18:49:19.066
177,475.7000000000,20201002 18:49:24.065
178,475.7500000000,20201002 18:49:54.065
179,475.8300000000,20201002 18:50:19.065
180,475.7500000000,20201002 18:50:29.065
181,475.6500000000,20201002 18:50:44.065
182,475.6300000000,20201002 18:50:49.068
183,475.6800000000,20201002 18:50:54.066
184,475.7300000000,20201002 18:51:14.069
185,475.7500000000,20201002 18:51:24.065
186,475.7600000000,20201002 18:51:34.070
187,475.7900000000,20201002 18:52:04.067
188,475.8100000000,20201002 18:52:24.065
189,475.7500000000,20201002 18:52:39.066
190,475.7700000000,20201002 18:52:44.065
191,475.7400000000,20201002 18:53:09.064
192,475.7300000000,20201002 18:53:39.069
193,475.7500000000,20201002 18:53:49.067
194,475.8000000000,20201002 18:53:54.066
195,475.7800000000,20201002 18:54:09.064
196,475.8000000000,20201002 18:54:14.064
197,475.7600000000,20201002 18:54:29.066
198,475.8300000000,20201002 18:54:34.071
199,475.8200000000,20201002 18:54:54.066
200,475.7500000000,20201002 18:54:59.066
201,475.7200000000,20201002 18:55:04.066
202,475.7700000000,20201002 18:55:09.067
203,475.9800000000,20201002 18:55:29.067
204,475.9700000000,20201002 18:55:34.064
205,475.9500000000,20201002 18:55:49.066
206,476.0100000000,20201002 18:55:54.067
207,476.0500000000,20201002 18:55:59.066
208,476.0200000000,20201002 18:56:19.063
209,476.1000000000,20201002 18:56:39.063
210,476.0900000000,20201002 18:56:54.066
211,476.1300000000,20201002 18:57:29.066
212,476.1100000000,20201002 18:57:34.066
213,476.0600000000,20201002 18:57:54.067
214,476.0100000000,20201002 18:58:14.065
215,476.0600000000,20201002 18:58:19.065
216,476.1300000000,20201002 18:58:44.069
217,476.1500000000,20201002 18:58:54.066
218,476.1100000000,20201002 18:59:09.064
219,476.0800000000,20201002 18:59:14.066
220,476.0100000000,20201002 18:59:29.066
221,476.0200000000,20201002 18:59:39.066
222,476.0100000000,20201002 18:59:44.066
223,476.0200000000,20201002 18:59:49.064
224,475.9900000000,20201002 18:59:54.065
225,476.0200000000,20201002 19:00:14.067
226,475.9300000000,20201002 19:00:19.066
227,475.8500000000,20201002 19:00:24.066
228,475.8600000000,20201002 19:00:44.064
229,476.0500000000,20201002 19:00:49.066
230,476.0400000000,20201002 19:00:54.064
231,475.9900000000,20201002 19:01:04.066
232,475.8700000000,20201002 19:01:24.066
233,475.9200000000,20201002 19:01:44.065
234,475.9100000000,20201002 19:01:49.064
235,475.9500000000,20201002 19:01:54.066
236,476.0000000000,20201002 19:02:24.066
237,475.8300000000,20201002 19:02:29.065
238,475.7100000000,20201002 19:02:34.066
239,475.8200000000,20201002 19:02:54.065
240,475.7800000000,20201002 19:02:59.065
241,475.6900000000,20201002 19:03:09.066
242,475.7300000000,20201002 19:03:39.071
243,475.7800000000,20201002 19:03:54.066
244,475.8000000000,20201002 19:04:04.067
245,475.8100000000,20201002 19:04:14.066
246,475.8000000000,20201002 19:04:34.067
247,475.8300000000,20201002 19:04:54.066
248,475.9900000000,20201002 19:05:04.066
249,475.9800000000,20201002 19:05:14.065
250,475.9100000000,20201002 19:05:29.064
251,475.8600000000,20201002 19:06:29.064
252,475.8100000000,20201002 19:06:39.068
253,475.8500000000,20201002 19:06:54.064
254,475.8200000000,20201002 19:07:04.066
255,475.8300000000,20201002 19:07:19.064
256,475.9000000000,20201002 19:07:54.064
257,475.8500000000,20201002 19:07:59.064
258,475.7200000000,20201002 19:08:14.064
259,475.7000000000,20201002 19:08:19.064
260,475.6600000000,20201002 19:08:24.066
261,475.6200000000,20201002 19:08:34.064
262,475.6000000000,20201002 19:08:49.064
263,475.7000000000,20201002 19:08:54.065
264,475.7400000000,20201002 19:08:59.064
265,475.7300000000,20201002 19:09:04.065
266,475.7900000000,20201002 19:09:09.065
267,475.8500000000,20201002 19:09:14.065
268,475.7700000000,20201002 19:09:19.066
269,475.7800000000,20201002 19:09:24.065
270,475.6900000000,20201002 19:09:39.064
271,475.6400000000,20201002 19:09:49.064
272,475.7100000000,20201002 19:09:54.064
273,475.5900000000,20201002 19:10:04.065
274,475.7200000000,20201002 19:10:44.067
275,475.6900000000,20201002 19:10:54.064
276,475.6700000000,20201002 19:10:59.067
277,475.7500000000,20201002 19:11:09.069
278,475.8700000000,20201002 19:11:19.065
279,475.7500000000,20201002 19:11:24.065
280,475.7200000000,20201002 19:11:29.064
281,475.7400000000,20201002 19:11:34.065
282,475.7900000000,20201002 19:11:54.065
283,475.7600000000,20201002 19:12:19.066
284,475.7000000000,20201002 19:12:29.064
285,475.6600000000,20201002 19:12:34.065
286,475.6300000000,20201002 19:12:39.064
287,475.4000000000,20201002 19:12:44.065
288,475.4200000000,20201002 19:12:54.066
289,475.3700000000,20201002 19:13:04.066
290,475.4300000000,20201002 19:13:14.064
291,475.4100000000,20201002 19:13:19.065
292,475.4800000000,20201002 19:13:24.066
293,475.5600000000,20201002 19:13:29.065
294,475.5000000000,20201002 19:13:34.064
295,475.5700000000,20201002 19:13:39.065
296,475.5600000000,20201002 19:13:54.065
297,475.5200000000,20201002 19:14:04.065
298,475.4800000000,20201002 19:14:14.065
299,475.4900000000,20201002 19:14:19.065
300,475.5100000000,20201002 19:14:24.065
301,475.4000000000,20201002 19:14:44.065
302,475.4900000000,20201002 19:14:49.065
303,475.4300000000,20201002 19:14:54.065
304,475.3900000000,20201002 19:14:59.064
305,475.4100000000,20201002 19:15:09.065
306,475.3800000000,20201002 19:15:14.065
307,475.3900000000,20201002 19:15:19.065
308,475.4300000000,20201002 19:15:24.065
309,475.4100000000,20201002 19:15:29.065
310,475.4300000000,20201002 19:15:34.065
311,475.3700000000,20201002 19:15:39.065
312,475.4300000000,20201002 19:15:54.065
313,475.4100000000,20201002 19:16:39.065
314,475.4000000000,20201002 19:16:44.065
315,475.4900000000,20201002 19:16:54.069
316,475.4200000000,20201002 19:16:59.065
317,475.5400000000,20201002 19:17:04.065
318,475.4300000000,20201002 19:17:14.065
319,475.4600000000,20201002 19:17:19.065
320,475.4700000000,20201002 19:17:24.066
321,475.5200000000,20201002 19:17:29.066
322,475.5000000000,20201002 19:17:34.065
323,475.5400000000,20201002 19:17:39.066
324,475.4500000000,20201002 19:17:44.065
325,475.3900000000,20201002 19:17:49.065
326,475.4400000000,20201002 19:17:54.065
327,475.3800000000,20201002 19:18:09.063
328,475.4200000000,20201002 19:18:19.065
329,475.4500000000,20201002 19:18:24.065
330,475.4800000000,20201002 19:18:29.065
331,475.4500000000,20201002 19:18:34.066
332,475.4100000000,20201002 19:18:39.065
333,475.4500000000,20201002 19:18:54.065
334,475.3800000000,20201002 19:19:04.065
335,475.3700000000,20201002 19:19:09.068
336,475.4200000000,20201002 19:19:14.066
337,475.4300000000,20201002 19:19:19.066
338,475.4000000000,20201002 19:19:24.063
339,475.3500000000,20201002 19:19:29.066
340,475.3600000000,20201002 19:19:34.065
341,475.3800000000,20201002 19:19:39.063
342,475.4100000000,20201002 19:19:44.066
343,475.2500000000,20201002 19:19:49.065
344,475.3500000000,20201002 19:19:54.065
345,475.3000000000,20201002 19:20:04.065
346,475.3300000000,20201002 19:20:14.065
347,475.3200000000,20201002 19:20:24.066
348,475.2700000000,20201002 19:20:34.065
349,475.4200000000,20201002 19:20:49.065
350,475.5600000000,20201002 19:20:59.064
351,475.6200000000,20201002 19:21:04.064
352,475.7400000000,20201002 19:21:09.066
353,475.7200000000,20201002 19:21:14.066
354,475.7600000000,20201002 19:21:19.066
355,475.7700000000,20201002 19:21:29.065
356,475.7200000000,20201002 19:21:44.065
357,475.6700000000,20201002 19:21:49.066
358,475.6500000000,20201002 19:21:54.063
359,475.5900000000,20201002 19:22:04.065
360,475.6100000000,20201002 19:22:29.065
361,475.6000000000,20201002 19:22:34.065
362,475.6200000000,20201002 19:22:54.065
363,475.6400000000,20201002 19:23:04.065
364,475.5800000000,20201002 19:23:14.065
365,475.5400000000,20201002 19:23:19.065
366,475.5600000000,20201002 19:23:24.066
367,475.5500000000,20201002 19:23:29.064
368,475.5300000000,20201002 19:23:44.066
369,475.5700000000,20201002 19:23:54.066
370,475.5500000000,20201002 19:23:59.065
371,475.5200000000,20201002 19:24:04.065
372,475.5600000000,20201002 19:24:24.069
373,475.5300000000,20201002 19:24:44.065
374,475.4500000000,20201002 19:24:49.066
375,475.4700000000,20201002 19:24:54.065
376,475.4300000000,20201002 19:24:59.065
377,475.3800000000,20201002 19:25:04.065
378,475.4300000000,20201002 19:25:14.063
379,475.4600000000,20201002 19:25:19.065
380,475.4900000000,20201002 19:25:29.065
381,475.4700000000,20201002 19:25:44.066
382,475.5100000000,20201002 19:25:49.065
383,475.5400000000,20201002 19:25:54.064
384,475.5300000000,20201002 19:25:59.064
385,475.4700000000,20201002 19:26:14.066
386,475.5100000000,20201002 19:26:44.066
387,475.5900000000,20201002 19:26:54.065
388,475.5600000000,20201002 19:27:24.063
389,475.5900000000,20201002 19:27:39.065
390,475.6000000000,20201002 19:27:44.064
391,475.6100000000,20201002 19:27:49.064
392,475.7900000000,20201002 19:27:54.063
393,475.7600000000,20201002 19:28:09.063
394,475.7500000000,20201002 19:28:14.065
395,475.7100000000,20201002 19:28:39.066
396,475.7500000000,20201002 19:28:54.066
397,475.3900000000,20201002 19:16:09.063
398,475.4000000000,20201002 19:16:34.065
399,475.7200000000,20201002 19:28:59.064
400,475.6700000000,20201002 19:29:04.066
401,475.7800000000,20201002 19:29:54.064
402,475.8100000000,20201002 19:29:59.064
403,475.8200000000,20201002 19:30:04.065
404,475.8300000000,20201002 19:30:09.065
405,475.8100000000,20201002 19:30:14.064
406,475.7900000000,20201002 19:30:19.064
407,475.7300000000,20201002 19:30:24.065
408,475.6400000000,20201002 19:30:29.063
409,475.6800000000,20201002 19:30:34.065
410,475.6900000000,20201002 19:30:39.065
411,475.6100000000,20201002 19:30:54.064
412,475.6300000000,20201002 19:31:04.064
413,475.6200000000,20201002 19:31:14.064
414,475.5900000000,20201002 19:31:24.064
415,475.5300000000,20201002 19:31:29.064
416,475.5000000000,20201002 19:31:39.064
417,475.5300000000,20201002 19:31:44.064
418,475.5000000000,20201002 19:31:54.064
419,475.4000000000,20201002 19:32:14.064
420,475.4100000000,20201002 19:32:34.065
421,475.4000000000,20201002 19:32:44.065
422,475.3600000000,20201002 19:32:59.064
423,475.3400000000,20201002 19:33:04.064
424,475.3900000000,20201002 19:33:19.065
425,475.4400000000,20201002 19:33:39.064
426,475.4500000000,20201002 19:33:54.064
427,475.4000000000,20201002 19:34:14.064
428,475.3800000000,20201002 19:34:39.065
429,475.4000000000,20201002 19:34:54.064
430,475.3500000000,20201002 19:34:59.066
431,475.3600000000,20201002 19:35:09.063
432,475.1300000000,20201002 19:35:14.065
433,475.1200000000,20201002 19:35:19.064
434,475.1000000000,20201002 19:35:34.064
435,475.0400000000,20201002 19:35:44.064
436,475.0600000000,20201002 19:35:49.063
437,475.1500000000,20201002 19:35:54.065
438,475.1100000000,20201002 19:36:24.063
439,475.1000000000,20201002 19:36:34.064
440,475.0800000000,20201002 19:36:49.065
441,475.0900000000,20201002 19:36:54.065
442,475.0400000000,20201002 19:37:04.065
443,475.0100000000,20201002 19:37:09.066
444,475.1100000000,20201002 19:37:19.064
445,475.1200000000,20201002 19:37:34.065
446,475.0300000000,20201002 19:38:04.064
447,475.0000000000,20201002 19:38:09.065
448,474.9700000000,20201002 19:38:24.064
449,475.0200000000,20201002 19:38:29.064
450,475.0100000000,20201002 19:38:39.064
451,474.9800000000,20201002 19:38:44.064
452,474.9900000000,20201002 19:38:49.062
453,475.0300000000,20201002 19:38:54.064
454,474.9500000000,20201002 19:39:09.064
455,474.9300000000,20201002 19:39:34.064
456,474.9400000000,20201002 19:39:44.064
457,474.9200000000,20201002 19:39:54.064
458,474.8900000000,20201002 19:39:59.064
459,474.8600000000,20201002 19:40:09.064
460,474.9200000000,20201002 19:40:14.065
461,474.8500000000,20201002 19:40:34.065
462,474.9200000000,20201002 19:40:39.064
463,474.9600000000,20201002 19:40:49.065
464,474.9300000000,20201002 19:41:09.064
465,474.9100000000,20201002 19:41:29.063
466,474.8400000000,20201002 19:41:49.064
467,474.8500000000,20201002 19:41:54.063
468,474.8200000000,20201002 19:41:59.065
469,474.8900000000,20201002 19:42:09.065
470,474.8300000000,20201002 19:42:14.064
471,474.8100000000,20201002 19:42:24.064
472,474.8300000000,20201002 19:42:34.064
473,474.7800000000,20201002 19:42:44.064
474,474.7600000000,20201002 19:42:49.064
475,474.7400000000,20201002 19:42:59.064
476,474.7500000000,20201002 19:43:04.064
477,474.7900000000,20201002 19:43:09.062
478,474.7800000000,20201002 19:43:19.065
479,474.8600000000,20201002 19:43:24.065
480,474.9300000000,20201002 19:43:44.063
481,474.9800000000,20201002 19:43:49.064
482,474.9900000000,20201002 19:43:54.062
483,475.0200000000,20201002 19:44:29.065
484,474.9900000000,20201002 19:44:34.064
485,475.7900000000,20201002 19:29:09.064
486,475.8000000000,20201002 19:29:39.064
487,475.0100000000,20201002 19:44:39.064
488,475.0200000000,20201002 19:44:44.064
489,475.8700000000,20201002 16:47:49.066
490,475.7800000000,20201002 16:47:54.067
491,475.7000000000,20201002 16:48:39.066
492,475.7500000000,20201002 16:48:49.070
493,475.7800000000,20201002 16:49:19.065
494,475.7300000000,20201002 16:49:39.066
495,475.7600000000,20201002 16:49:49.067
496,475.6900000000,20201002 16:49:59.065
497,475.6700000000,20201002 16:50:04.066
498,475.7300000000,20201002 16:50:39.065
499,475.7400000000,20201002 16:50:44.066
500,475.8800000000,20201002 16:50:49.065
501,475.8700000000,20201002 16:50:54.066
502,475.8500000000,20201002 16:50:59.064
503,475.7500000000,20201002 16:51:14.065
504,475.7300000000,20201002 16:51:34.066
505,475.7400000000,20201002 16:51:49.065
506,475.6800000000,20201002 16:51:54.066
507,475.6600000000,20201002 16:51:59.066
508,475.6900000000,20201002 16:52:04.071
509,475.5900000000,20201002 16:52:34.065
510,475.7000000000,20201002 16:52:49.067
511,475.7800000000,20201002 16:52:54.067
512,475.7500000000,20201002 16:53:04.066
513,475.7800000000,20201002 16:53:49.069
514,475.8500000000,20201002 16:54:04.066
515,475.9000000000,20201002 16:54:44.065
516,475.9500000000,20201002 16:54:49.067
517,475.9200000000,20201002 16:55:04.070
518,475.8300000000,20201002 16:55:14.065
519,475.7900000000,20201002 16:55:19.066
520,475.7600000000,20201002 16:55:24.067
521,475.7900000000,20201002 16:55:29.064
522,475.7100000000,20201002 16:55:34.067
523,475.6900000000,20201002 16:55:39.064
524,475.6800000000,20201002 16:55:44.065
525,475.7400000000,20201002 16:55:59.064
526,475.7700000000,20201002 16:56:04.065
527,475.7200000000,20201002 16:56:09.064
528,475.7000000000,20201002 16:56:34.065
529,475.7900000000,20201002 16:56:49.064
530,475.7400000000,20201002 16:56:59.064
531,475.7700000000,20201002 16:57:04.256
532,475.8400000000,20201002 16:57:49.064
533,475.8200000000,20201002 16:58:14.064
534,475.8500000000,20201002 16:58:24.067
535,475.8800000000,20201002 16:58:34.067
536,475.9000000000,20201002 16:58:49.065
537,475.8800000000,20201002 16:59:04.065
538,475.9000000000,20201002 16:59:09.064
539,475.8500000000,20201002 16:59:19.064
540,475.6500000000,20201002 16:59:24.066
541,475.7300000000,20201002 16:59:34.064
542,475.6700000000,20201002 16:59:39.064
543,475.6200000000,20201002 16:59:44.064
544,475.6400000000,20201002 16:59:49.064
545,475.6300000000,20201002 16:59:59.064
546,475.7000000000,20201002 17:00:04.069
547,475.7100000000,20201002 17:00:24.066
548,475.7600000000,20201002 17:00:29.065
549,475.8600000000,20201002 17:00:34.065
550,475.8400000000,20201002 17:00:39.065
551,475.8100000000,20201002 17:00:44.066
552,475.7700000000,20201002 17:00:49.064
553,475.7500000000,20201002 17:01:04.065
554,475.7400000000,20201002 17:01:09.066
555,475.7500000000,20201002 17:01:24.066
556,475.7400000000,20201002 17:01:34.065
557,475.7100000000,20201002 17:01:39.064
558,475.8700000000,20201002 17:01:49.065
559,475.7400000000,20201002 17:01:54.065
560,475.6900000000,20201002 17:01:59.064
561,475.7400000000,20201002 17:02:04.064
562,475.6000000000,20201002 17:02:24.065
563,475.5000000000,20201002 17:02:39.065
564,475.5500000000,20201002 17:02:44.065
565,475.5600000000,20201002 17:03:44.066
566,475.6000000000,20201002 17:03:49.066
567,475.6200000000,20201002 17:03:54.066
568,475.5900000000,20201002 17:04:14.065
569,475.6400000000,20201002 17:04:24.064
570,475.7100000000,20201002 17:04:49.064
571,475.6600000000,20201002 17:04:59.064
572,475.6000000000,20201002 17:05:09.066
573,475.6500000000,20201002 17:05:39.064
574,475.8600000000,20201002 17:05:54.066
575,475.7800000000,20201002 17:06:04.066
576,475.7500000000,20201002 17:06:54.065
577,475.7400000000,20201002 17:06:59.063
578,475.7900000000,20201002 17:07:14.069
579,475.8400000000,20201002 17:07:44.065
580,475.7700000000,20201002 17:07:59.065
581,475.8300000000,20201002 17:08:04.065
582,475.8100000000,20201002 17:08:14.064
583,475.8900000000,20201002 17:08:34.067
584,475.9100000000,20201002 17:08:39.064
585,475.9400000000,20201002 17:08:49.064
586,475.8600000000,20201002 17:08:59.065
587,476.0700000000,20201002 17:09:09.064
588,476.1300000000,20201002 17:09:14.065
589,476.0800000000,20201002 17:09:19.064
590,476.0300000000,20201002 17:09:24.065
591,476.0400000000,20201002 17:09:49.064
592,476.1000000000,20201002 17:10:14.065
593,476.0800000000,20201002 17:10:24.065
594,476.1500000000,20201002 17:10:34.064
595,476.1600000000,20201002 17:10:44.065
596,476.1900000000,20201002 17:10:49.064
597,475.9900000000,20201002 17:11:19.064
598,475.9500000000,20201002 17:11:24.066
599,476.0300000000,20201002 17:11:29.067
600,476.0500000000,20201002 17:11:44.065
601,476.0800000000,20201002 17:11:49.064
602,475.9600000000,20201002 17:11:54.064
603,475.9100000000,20201002 17:12:04.067
604,475.8500000000,20201002 17:12:34.064
605,475.7900000000,20201002 17:12:44.065
606,475.7700000000,20201002 17:12:49.064
607,475.8300000000,20201002 17:13:29.065
608,475.8100000000,20201002 17:13:39.080
609,475.7600000000,20201002 17:13:49.064
610,475.7500000000,20201002 17:14:34.064
611,475.6700000000,20201002 17:14:39.064
612,475.7500000000,20201002 17:14:44.065
613,475.8300000000,20201002 17:14:49.063
614,475.7900000000,20201002 17:15:24.066
615,475.7400000000,20201002 17:15:29.065
616,475.8200000000,20201002 17:15:39.064
617,475.7900000000,20201002 17:15:49.065
618,475.7500000000,20201002 17:15:54.064
619,475.8200000000,20201002 17:16:14.064
620,475.8100000000,20201002 17:16:29.064
621,475.8600000000,20201002 17:16:44.064
622,475.8400000000,20201002 17:16:54.064
623,475.8900000000,20201002 17:17:04.067
624,475.8200000000,20201002 17:17:14.066
625,475.8100000000,20201002 17:17:24.066
626,475.8800000000,20201002 17:17:29.065
627,475.9000000000,20201002 17:17:49.064
628,475.9600000000,20201002 17:17:54.065
629,475.9300000000,20201002 17:18:04.066
630,476.1900000000,20201002 17:18:54.066
631,476.0600000000,20201002 17:18:59.065
632,475.8600000000,20201002 17:19:04.067
633,475.9000000000,20201002 17:19:19.065
634,475.9200000000,20201002 17:19:39.066
635,475.8800000000,20201002 17:19:44.067
636,476.0000000000,20201002 17:20:04.067
637,475.9800000000,20201002 17:20:44.066
638,476.0100000000,20201002 17:20:49.068
639,476.0900000000,20201002 17:22:34.066
640,476.0600000000,20201002 17:22:39.069
641,476.0900000000,20201002 17:22:49.066
642,476.1100000000,20201002 17:22:54.066
643,476.1000000000,20201002 17:23:34.066
644,476.1100000000,20201002 17:23:44.068
645,476.2000000000,20201002 17:23:54.067
646,476.2100000000,20201002 17:24:19.066
647,476.1100000000,20201002 17:24:24.067
648,476.1000000000,20201002 17:24:29.066
649,476.1300000000,20201002 17:24:34.068
650,476.1800000000,20201002 17:25:29.066
651,476.1600000000,20201002 17:25:39.065
652,476.4300000000,20201002 17:26:29.066
653,476.3500000000,20201002 17:26:39.065
654,476.2600000000,20201002 17:26:49.067
655,476.1300000000,20201002 17:27:34.068
656,476.1100000000,20201002 17:27:39.065
657,476.1600000000,20201002 17:27:44.068
658,476.1700000000,20201002 17:27:49.067
659,476.1500000000,20201002 17:28:14.066
660,476.2100000000,20201002 17:28:34.066
661,476.1500000000,20201002 17:28:39.066
662,476.1700000000,20201002 17:28:49.066
663,476.0800000000,20201002 17:29:29.066
664,476.1300000000,20201002 17:29:39.065
665,476.3000000000,20201002 17:29:44.067
666,476.1000000000,20201002 17:29:54.066
667,476.2000000000,20201002 17:30:14.068
668,476.1200000000,20201002 17:30:39.068
669,476.1400000000,20201002 17:30:49.065
670,476.1300000000,20201002 17:30:59.070
671,476.0700000000,20201002 17:31:54.066
672,476.0900000000,20201002 17:32:04.068
673,476.1400000000,20201002 17:32:19.066
674,476.0000000000,20201002 17:32:24.068
675,475.9500000000,20201002 17:32:29.066
676,475.9900000000,20201002 17:32:39.066
677,475.9400000000,20201002 17:32:44.068
678,475.9900000000,20201002 17:32:49.067
679,475.9500000000,20201002 17:33:04.068
680,475.9100000000,20201002 17:33:14.067
681,475.9700000000,20201002 17:33:49.067
682,476.0000000000,20201002 17:33:59.065
683,475.9700000000,20201002 17:34:04.066
684,475.8500000000,20201002 17:34:34.067
685,475.8400000000,20201002 17:35:09.067
686,475.7900000000,20201002 17:35:59.066
687,475.7300000000,20201002 17:36:14.065
688,475.6900000000,20201002 17:36:19.066
689,475.7400000000,20201002 17:36:49.068
690,475.8100000000,20201002 17:37:24.068
691,475.9100000000,20201002 17:37:39.068
692,475.9000000000,20201002 17:37:49.065
693,475.9400000000,20201002 17:37:54.066
694,475.9200000000,20201002 17:38:29.065
695,475.9700000000,20201002 17:39:14.067
696,475.9500000000,20201002 17:39:54.065
697,475.9300000000,20201002 17:40:29.066
698,475.8900000000,20201002 17:40:34.064
699,475.9200000000,20201002 17:40:39.066
700,475.8100000000,20201002 17:40:44.067
701,475.8400000000,20201002 17:40:49.065
702,475.6700000000,20201002 17:40:54.066
703,475.6000000000,20201002 17:40:59.066
704,475.6500000000,20201002 17:41:04.066
705,475.7000000000,20201002 17:41:09.066
706,475.7200000000,20201002 17:41:19.065
707,475.7400000000,20201002 17:41:24.067
708,475.7900000000,20201002 17:41:34.066
709,475.8100000000,20201002 17:41:59.065
710,475.9500000000,20201002 17:42:09.065
711,475.9600000000,20201002 17:42:44.066
712,475.9300000000,20201002 17:42:49.064
713,475.8700000000,20201002 17:42:59.066
714,475.8100000000,20201002 17:43:39.065
715,475.8300000000,20201002 17:43:49.067
716,475.8900000000,20201002 17:43:54.067
717,475.8300000000,20201002 17:44:14.065
718,475.8700000000,20201002 17:44:54.064
719,476.1200000000,20201002 17:45:14.066
720,476.0800000000,20201002 17:45:19.064
721,476.0900000000,20201002 17:45:54.064
722,476.1400000000,20201002 17:45:59.065
723,476.1200000000,20201002 17:46:04.067
724,476.2000000000,20201002 17:47:44.067
725,476.2200000000,20201002 17:47:54.066
726,476.2000000000,20201002 17:47:59.063
727,476.2200000000,20201002 17:48:09.064
728,476.2100000000,20201002 17:48:19.066
729,476.1600000000,20201002 17:48:39.064
730,476.1100000000,20201002 17:49:24.066
731,475.8500000000,20201002 17:49:29.066
732,475.5800000000,20201002 17:49:39.066
733,475.6600000000,20201002 17:49:44.067
734,475.7200000000,20201002 17:49:54.067
735,475.6900000000,20201002 17:50:04.066
736,475.5100000000,20201002 17:50:19.065
737,475.5600000000,20201002 17:50:24.066
738,475.6300000000,20201002 17:50:29.066
739,475.6600000000,20201002 17:50:39.065
740,475.7300000000,20201002 17:51:09.066
741,475.7700000000,20201002 17:51:54.066
742,475.6800000000,20201002 17:53:04.066
743,475.7200000000,20201002 17:53:09.066
744,475.6600000000,20201002 17:53:34.065
745,475.6700000000,20201002 17:53:44.067
746,475.8800000000,20201002 17:54:39.065
747,475.8000000000,20201002 17:54:49.065
748,475.8300000000,20201002 17:55:54.289
749,475.7900000000,20201002 17:56:34.065
750,475.8600000000,20201002 17:56:49.067
751,475.8900000000,20201002 17:56:54.065
752,475.8700000000,20201002 17:56:59.065
753,475.8300000000,20201002 17:57:04.066
754,475.7900000000,20201002 17:57:24.066
755,475.8300000000,20201002 17:57:34.065
756,475.6100000000,20201002 17:57:54.067
757,475.7000000000,20201002 17:58:04.067
758,475.7500000000,20201002 17:58:29.066
759,475.7600000000,20201002 17:58:44.066
760,475.8200000000,20201002 17:58:59.066
761,475.8000000000,20201002 17:59:09.065
762,475.7300000000,20201002 17:59:34.065
763,475.7900000000,20201002 17:59:54.065
764,475.7200000000,20201002 18:00:04.067
765,475.7300000000,20201002 18:00:39.066
766,475.7600000000,20201002 18:00:49.068
767,475.6900000000,20201002 18:01:09.065
768,475.7400000000,20201002 18:01:14.067
769,475.7600000000,20201002 18:01:19.068
770,475.9500000000,20201002 18:01:29.067
771,475.7500000000,20201002 18:01:34.067
772,475.6800000000,20201002 18:01:39.065
773,475.7500000000,20201002 18:01:44.067
774,475.8500000000,20201002 18:01:49.067
775,475.9400000000,20201002 18:01:54.066
776,475.9700000000,20201002 18:02:14.065
777,475.4700000000,20201002 18:02:24.067
778,475.4400000000,20201002 18:02:34.067
779,475.4500000000,20201002 18:03:19.066
780,475.4600000000,20201002 18:04:29.064
781,475.4400000000,20201002 18:04:49.066
782,475.4900000000,20201002 18:05:34.064
783,475.5100000000,20201002 18:06:14.064
784,475.5600000000,20201002 18:06:19.065
785,475.8400000000,20201002 18:06:34.065
786,475.8500000000,20201002 18:06:39.065
787,475.7600000000,20201002 18:06:44.066
788,475.7700000000,20201002 18:06:49.063
789,475.8800000000,20201002 18:07:29.066
790,475.8400000000,20201002 18:07:34.065
791,475.5700000000,20201002 18:07:39.065
792,475.6500000000,20201002 18:07:49.064
793,475.6300000000,20201002 18:07:59.069
794,475.3000000000,20201002 18:08:44.064
795,475.4200000000,20201002 18:08:54.064
796,475.4700000000,20201002 18:09:29.063
797,475.5300000000,20201002 18:09:49.064
798,475.5100000000,20201002 18:09:59.062
799,475.5300000000,20201002 18:10:04.064
800,475.4800000000,20201002 18:10:19.063
801,475.4700000000,20201002 18:10:44.064
802,475.5300000000,20201002 18:10:49.063
803,475.5400000000,20201002 18:10:54.064
804,475.4900000000,20201002 18:10:59.063
805,475.5300000000,20201002 18:11:19.063
806,475.5100000000,20201002 18:11:29.064
807,475.5300000000,20201002 18:12:14.062
808,475.5800000000,20201002 18:12:19.064
809,475.5600000000,20201002 18:12:29.065
810,475.5300000000,20201002 18:12:44.064
811,475.5700000000,20201002 18:12:49.064
812,475.5500000000,20201002 18:13:04.065
813,475.5100000000,20201002 18:13:44.065
814,475.5500000000,20201002 18:14:14.069
815,475.5600000000,20201002 18:14:34.064
816,475.5700000000,20201002 18:14:49.062
817,475.6400000000,20201002 18:15:04.064
818,475.7700000000,20201002 18:15:34.065
819,475.7500000000,20201002 18:15:49.063
820,475.6800000000,20201002 18:17:24.063
821,475.7000000000,20201002 18:17:34.062
822,475.7300000000,20201002 18:17:49.061
823,475.7200000000,20201002 18:17:59.061
824,475.7700000000,20201002 18:18:19.063
825,476.0300000000,20201002 18:18:29.062
826,475.9300000000,20201002 18:18:39.063
827,475.9800000000,20201002 18:18:49.062
828,475.9600000000,20201002 18:18:59.063
829,475.9800000000,20201002 18:19:14.062
830,475.9100000000,20201002 18:19:34.064
831,475.9400000000,20201002 18:19:44.064
832,475.9200000000,20201002 18:19:49.063
833,475.8900000000,20201002 18:20:34.062
834,475.9200000000,20201002 18:20:49.064
835,475.9400000000,20201002 18:21:24.065
836,475.9600000000,20201002 18:21:39.065
837,475.4700000000,20201002 18:21:44.063
838,475.4600000000,20201002 18:21:49.065
839,475.6100000000,20201002 18:21:54.065
840,475.7300000000,20201002 18:21:59.065
841,475.4000000000,20201002 18:22:04.065
842,475.3500000000,20201002 18:22:09.065
843,475.4300000000,20201002 18:22:14.067
844,475.5200000000,20201002 18:22:29.065
845,475.6700000000,20201002 18:22:49.064
846,475.6300000000,20201002 18:22:59.063
847,475.6100000000,20201002 18:23:29.065
848,475.6300000000,20201002 18:23:54.064
849,475.6200000000,20201002 18:24:04.064
850,475.6000000000,20201002 18:24:19.064
851,475.6200000000,20201002 18:24:44.064
852,475.7700000000,20201002 18:24:49.063
853,475.6200000000,20201002 18:24:59.064
854,475.5500000000,20201002 18:25:04.065
855,475.6100000000,20201002 18:25:09.064
856,475.5600000000,20201002 18:25:34.063
857,475.6000000000,20201002 18:25:49.064
858,475.4800000000,20201002 18:26:04.064
859,475.5300000000,20201002 18:26:14.065
860,475.5500000000,20201002 18:26:29.066
861,475.5900000000,20201002 18:27:09.064
862,475.6400000000,20201002 18:27:34.063
863,475.6100000000,20201002 18:27:39.064
864,475.5900000000,20201002 18:27:44.064
865,475.6500000000,20201002 18:28:14.063
866,475.6300000000,20201002 18:28:24.064
867,475.7000000000,20201002 18:28:29.065
868,475.6000000000,20201002 18:28:34.065
869,475.6200000000,20201002 18:28:39.064
870,475.6400000000,20201002 18:28:44.064
871,475.6600000000,20201002 18:29:19.064
872,475.5700000000,20201002 18:29:24.065
873,475.5200000000,20201002 18:29:29.064
874,475.4800000000,20201002 18:29:39.064
875,475.5200000000,20201002 18:29:49.063
876,475.3400000000,20201002 18:30:04.064
877,475.2800000000,20201002 18:30:09.074
878,475.3500000000,20201002 18:30:14.065
879,475.3700000000,20201002 18:30:19.063
880,475.4500000000,20201002 18:30:24.064
881,475.4100000000,20201002 18:30:34.064
882,475.4400000000,20201002 18:30:49.064
883,475.4100000000,20201002 18:31:24.064
884,475.4300000000,20201002 18:31:49.065
885,475.4500000000,20201002 18:32:49.065
886,475.4700000000,20201002 18:33:39.064
887,475.4600000000,20201002 18:33:49.068
888,475.4500000000,20201002 18:33:59.064
889,475.3900000000,20201002 18:34:14.064
890,475.4500000000,20201002 18:34:44.064
891,475.4600000000,20201002 18:35:24.065
892,475.4200000000,20201002 18:35:44.065
893,475.4500000000,20201002 18:35:49.064
894,475.4600000000,20201002 18:36:39.064
895,475.5000000000,20201002 18:36:59.066
896,475.5500000000,20201002 18:37:04.064
897,475.6500000000,20201002 18:37:14.064
898,475.6000000000,20201002 18:37:39.064
899,475.6300000000,20201002 18:38:09.064
900,475.6400000000,20201002 18:38:24.065
901,475.6300000000,20201002 18:38:39.065
902,476.2100000000,20201002 18:38:59.065
903,475.6300000000,20201002 18:39:04.065
904,475.4100000000,20201002 18:39:09.066
905,475.6300000000,20201002 18:39:14.065
906,475.6400000000,20201002 18:39:54.065
907,475.5400000000,20201002 18:40:24.064
908,475.5300000000,20201002 18:41:09.063
909,474.5900000000,20201002 13:20:04.065
910,474.3000000000,20201002 13:20:14.063
911,474.6400000000,20201002 13:20:34.061
912,474.5200000000,20201002 13:20:44.062
913,474.5800000000,20201002 13:21:39.063
914,474.5600000000,20201002 13:21:49.061
915,475.1300000000,20201002 13:24:49.059
916,475.4600000000,20201002 13:24:54.061
917,475.2500000000,20201002 13:24:59.062
918,475.1200000000,20201002 13:25:04.063
919,474.6100000000,20201002 13:25:59.062
920,474.8000000000,20201002 13:26:04.062
921,474.9200000000,20201002 13:29:09.060
922,474.9300000000,20201002 13:29:14.060
923,474.8900000000,20201002 13:29:19.061
924,472.5700000000,20201002 13:30:14.060
925,472.5400000000,20201002 13:30:24.062
926,472.5100000000,20201002 13:30:29.060
927,472.6500000000,20201002 13:31:54.061
928,472.2400000000,20201002 13:32:39.061
929,472.4300000000,20201002 13:32:49.059
930,473.0500000000,20201002 13:33:14.059
931,472.8500000000,20201002 13:33:29.060
932,472.5700000000,20201002 13:33:34.059
933,472.6800000000,20201002 13:33:44.062
934,472.8900000000,20201002 13:33:54.059
935,472.9500000000,20201002 13:34:04.061
936,472.9900000000,20201002 13:34:39.059
937,473.1500000000,20201002 13:34:49.059
938,472.9300000000,20201002 13:34:59.059
939,472.4500000000,20201002 13:35:14.062
940,472.6600000000,20201002 13:35:19.059
941,472.2600000000,20201002 13:35:29.059
942,472.1800000000,20201002 13:36:24.062
943,472.4300000000,20201002 13:36:49.059
944,472.6600000000,20201002 13:37:04.060
945,472.7500000000,20201002 13:37:24.060
946,472.7900000000,20201002 13:37:29.059
947,472.9600000000,20201002 13:37:34.060
948,472.9000000000,20201002 13:37:54.059
949,472.9300000000,20201002 13:38:04.060
950,473.0000000000,20201002 13:38:09.060
951,473.0800000000,20201002 13:38:34.059
952,473.0300000000,20201002 13:38:54.058
953,473.0200000000,20201002 13:38:59.060
954,472.9900000000,20201002 13:39:04.058
955,473.0200000000,20201002 13:39:34.058
956,473.0500000000,20201002 13:39:39.061
957,472.9500000000,20201002 13:39:44.061
958,472.9800000000,20201002 13:39:49.059
959,473.0600000000,20201002 13:39:54.060
960,473.0700000000,20201002 13:40:04.059
961,472.9400000000,20201002 13:40:09.059
962,472.9300000000,20201002 13:40:14.058
963,472.9100000000,20201002 13:40:19.058
964,472.9500000000,20201002 13:40:24.060
965,472.9900000000,20201002 13:40:29.058
966,473.2200000000,20201002 13:40:34.058
967,473.3000000000,20201002 13:40:39.058
968,473.2600000000,20201002 13:40:44.058
969,473.2400000000,20201002 13:41:09.060
970,473.2500000000,20201002 13:41:19.059
971,473.1500000000,20201002 13:41:24.060
972,473.1400000000,20201002 13:41:29.058
973,473.1500000000,20201002 13:41:34.059
974,473.2300000000,20201002 13:41:59.058
975,473.1500000000,20201002 13:42:14.060
976,473.1900000000,20201002 13:42:39.063
977,473.1600000000,20201002 13:42:44.060
978,473.2500000000,20201002 13:42:54.058
979,473.2600000000,20201002 13:42:59.060
980,473.2700000000,20201002 13:43:09.061
981,473.2600000000,20201002 13:43:19.057
982,473.1700000000,20201002 13:43:24.060
983,473.2800000000,20201002 13:43:34.060
984,473.3300000000,20201002 13:43:44.059
985,473.2500000000,20201002 13:43:54.060
986,473.1300000000,20201002 13:44:09.059
987,473.2000000000,20201002 13:44:14.059
988,473.2900000000,20201002 13:44:34.060
989,473.2500000000,20201002 13:44:44.060
990,473.1700000000,20201002 13:45:09.059
991,473.2900000000,20201002 13:45:14.058
992,473.1000000000,20201002 13:45:29.060
993,473.1300000000,20201002 13:45:34.060
994,473.2700000000,20201002 13:45:39.058
995,473.2500000000,20201002 13:45:49.058
996,473.3200000000,20201002 13:45:59.058
997,473.2500000000,20201002 13:46:09.060
998,473.2900000000,20201002 13:46:34.058
999,473.6400000000,20201002 13:46:44.058
1000,473.6700000000,20201002 13:46:59.057
1001,473.7700000000,20201002 13:47:14.058
1002,473.8600000000,20201002 13:47:34.059
1003,474.1700000000,20201002 13:47:39.060
1004,474.2600000000,20201002 13:47:44.058
1005,474.2700000000,20201002 13:47:54.060
1006,474.3800000000,20201002 13:48:04.060
1007,474.2700000000,20201002 13:48:14.058
1008,474.4200000000,20201002 13:48:19.058
1009,474.4600000000,20201002 13:48:34.058
1010,474.3300000000,20201002 13:48:44.059
1011,474.2700000000,20201002 13:49:04.060
1012,474.3700000000,20201002 13:49:09.058
1013,474.4300000000,20201002 13:49:14.057
1014,474.4100000000,20201002 13:49:19.058
1015,474.4600000000,20201002 13:49:34.061
1016,474.3500000000,20201002 13:49:44.059
1017,474.4400000000,20201002 13:50:34.059
1018,474.4200000000,20201002 13:50:44.058
1019,474.4000000000,20201002 13:50:54.058
1020,474.2900000000,20201002 13:50:59.057
1021,474.3000000000,20201002 13:51:04.059
1022,474.3100000000,20201002 13:51:34.059
1023,474.3300000000,20201002 13:51:59.057
1024,474.3200000000,20201002 13:52:09.057
1025,474.3700000000,20201002 13:53:09.059
1026,474.3500000000,20201002 13:53:19.060
1027,474.2800000000,20201002 13:53:39.059
1028,474.1900000000,20201002 13:53:49.058
1029,474.1400000000,20201002 13:53:59.058
1030,474.0800000000,20201002 13:54:09.060
1031,474.1000000000,20201002 13:54:19.058
1032,474.2700000000,20201002 13:54:34.060
1033,474.1300000000,20201002 13:54:39.060
1034,474.2900000000,20201002 13:55:14.061
1035,474.2000000000,20201002 13:55:24.061
1036,474.1700000000,20201002 13:55:34.059
1037,474.0400000000,20201002 13:55:39.060
1038,473.9500000000,20201002 13:55:59.059
1039,473.8200000000,20201002 13:56:19.061
1040,473.8600000000,20201002 13:56:29.059
1041,474.0000000000,20201002 13:56:34.060
1042,473.9900000000,20201002 13:57:24.064
1043,473.8000000000,20201002 13:57:34.062
1044,473.9000000000,20201002 13:58:19.062
1045,473.9100000000,20201002 13:58:29.062
1046,474.0200000000,20201002 13:58:34.062
1047,474.0100000000,20201002 13:58:39.062
1048,474.0700000000,20201002 13:59:39.067
1049,474.0200000000,20201002 14:00:24.062
1050,474.0100000000,20201002 14:00:34.060
1051,473.9600000000,20201002 14:00:39.060
1052,474.0000000000,20201002 14:01:19.061
1053,474.0200000000,20201002 14:01:24.062
1054,474.0700000000,20201002 14:01:34.060
1055,474.1400000000,20201002 14:01:39.061
1056,474.1300000000,20201002 14:01:44.063
1057,474.1000000000,20201002 14:01:49.062
1058,474.1100000000,20201002 14:01:54.061
1059,474.1300000000,20201002 14:01:59.060
1060,474.0900000000,20201002 14:02:04.066
1061,474.2100000000,20201002 14:02:24.061
1062,474.2200000000,20201002 14:02:49.063
1063,474.3500000000,20201002 14:02:59.063
1064,474.4600000000,20201002 14:03:19.062
1065,474.4900000000,20201002 14:03:24.064
1066,474.5400000000,20201002 14:03:34.061
1067,474.6100000000,20201002 14:03:39.061
1068,474.5700000000,20201002 14:03:49.061
1069,474.6600000000,20201002 14:03:54.062
1070,474.6700000000,20201002 14:03:59.062
1071,474.6200000000,20201002 14:04:04.063
1072,474.6900000000,20201002 14:04:09.062
1073,474.7400000000,20201002 14:04:19.063
1074,474.8800000000,20201002 14:04:29.063
1075,474.7500000000,20201002 14:04:59.062
1076,474.8000000000,20201002 14:05:04.063
1077,474.8800000000,20201002 14:05:19.063
1078,475.0200000000,20201002 14:05:24.068
1079,474.9700000000,20201002 14:05:29.064
1080,475.1000000000,20201002 14:05:34.062
1081,475.0400000000,20201002 14:05:39.064
1082,475.1500000000,20201002 14:05:44.063
1083,475.1800000000,20201002 14:05:49.062
1084,475.1400000000,20201002 14:05:54.062
1085,475.1100000000,20201002 14:06:04.065
1086,475.1900000000,20201002 14:06:34.064
1087,475.1400000000,20201002 14:06:39.064
1088,475.2600000000,20201002 14:07:24.064
1089,475.2300000000,20201002 14:07:34.063
1090,475.2900000000,20201002 14:07:49.063
1091,475.2300000000,20201002 14:07:59.063
1092,475.2100000000,20201002 14:08:29.065
1093,475.2600000000,20201002 14:08:34.063
1094,475.3800000000,20201002 14:08:39.063
1095,475.2900000000,20201002 14:08:44.064
1096,475.3700000000,20201002 14:08:54.069
1097,475.5200000000,20201002 14:08:59.066
1098,475.4400000000,20201002 14:09:09.065
1099,475.3900000000,20201002 14:09:14.064
1100,475.5200000000,20201002 14:09:19.063
1101,475.4300000000,20201002 14:09:39.064
1102,475.4600000000,20201002 14:10:09.065
1103,475.3800000000,20201002 14:10:39.066
1104,475.4000000000,20201002 14:11:24.065
1105,475.4200000000,20201002 14:11:34.065
1106,475.3800000000,20201002 14:11:59.064
1107,475.3600000000,20201002 14:12:04.065
1108,475.2600000000,20201002 14:12:14.063
1109,475.2700000000,20201002 14:12:19.063
1110,475.0800000000,20201002 14:12:34.062
1111,475.1300000000,20201002 14:12:39.065
1112,475.0500000000,20201002 14:12:54.070
1113,475.0000000000,20201002 14:12:59.073
1114,475.0300000000,20201002 14:13:04.066
1115,475.1100000000,20201002 14:13:14.064
1116,475.0800000000,20201002 14:13:24.067
1117,475.1300000000,20201002 14:13:29.065
1118,474.8700000000,20201002 14:13:39.064
1119,474.9600000000,20201002 14:13:49.064
1120,475.0100000000,20201002 14:13:54.066
1121,475.0600000000,20201002 14:14:19.065
1122,475.2600000000,20201002 14:14:44.067
1123,475.1800000000,20201002 14:14:54.066
1124,475.1000000000,20201002 14:15:29.066
1125,475.1800000000,20201002 14:15:54.067
1126,475.2100000000,20201002 14:16:19.065
1127,475.2300000000,20201002 14:16:24.066
1128,475.3100000000,20201002 14:16:39.065
1129,475.2700000000,20201002 14:17:04.068
1130,475.3100000000,20201002 14:17:34.066
1131,475.2700000000,20201002 14:17:39.065
1132,475.2300000000,20201002 14:17:49.067
1133,475.3100000000,20201002 14:18:34.067
1134,475.2200000000,20201002 14:18:49.066
1135,475.2000000000,20201002 14:19:04.068
1136,475.2200000000,20201002 14:19:14.068
1137,475.2900000000,20201002 14:19:24.067
1138,475.3300000000,20201002 14:19:34.066
1139,475.2700000000,20201002 14:20:04.071
1140,475.2900000000,20201002 14:20:09.066
1141,475.2800000000,20201002 14:20:19.067
1142,475.1900000000,20201002 14:20:29.069
1143,475.2000000000,20201002 14:20:34.067
1144,475.1900000000,20201002 14:20:49.066
1145,475.0900000000,20201002 14:21:34.068
1146,475.1600000000,20201002 14:21:44.071
1147,475.1800000000,20201002 14:22:14.068
1148,475.1600000000,20201002 14:22:19.067
1149,474.5600000000,20201002 14:22:29.066
1150,474.4700000000,20201002 14:22:54.068
1151,474.2700000000,20201002 14:22:59.067
1152,474.3100000000,20201002 14:23:14.066
1153,474.3900000000,20201002 14:23:24.066
1154,474.4600000000,20201002 14:23:29.067
1155,474.4500000000,20201002 14:23:34.068
1156,474.5300000000,20201002 14:23:39.066
1157,474.4800000000,20201002 14:23:49.068
1158,474.4400000000,20201002 14:24:09.069
1159,474.5100000000,20201002 14:24:19.067
1160,474.5000000000,20201002 14:24:34.067
1161,474.4000000000,20201002 14:24:44.067
1162,474.3900000000,20201002 14:25:39.066
1163,474.5300000000,20201002 14:26:39.067
1164,474.4700000000,20201002 14:27:39.068
1165,474.5400000000,20201002 14:27:44.067
1166,474.5100000000,20201002 14:27:54.066
1167,474.4700000000,20201002 14:28:04.067
1168,474.5300000000,20201002 14:28:09.067
1169,474.6200000000,20201002 14:28:14.067
1170,474.5900000000,20201002 14:28:19.068
1171,474.6200000000,20201002 14:28:29.067
1172,474.6500000000,20201002 14:28:39.067
1173,474.7000000000,20201002 14:28:49.067
1174,474.6800000000,20201002 14:28:59.067
1175,474.7500000000,20201002 14:29:19.067
1176,474.6100000000,20201002 14:29:39.067
1177,474.6300000000,20201002 14:29:54.068
1178,474.6200000000,20201002 14:30:04.068
1179,474.6800000000,20201002 14:30:34.067
1180,474.5900000000,20201002 14:30:54.067
1181,474.6500000000,20201002 14:31:04.068
1182,474.7700000000,20201002 14:31:24.068
1183,474.6900000000,20201002 14:32:44.068
1184,474.6600000000,20201002 14:32:59.068
1185,474.6200000000,20201002 14:33:39.068
1186,475.0800000000,20201002 14:33:49.067
1187,475.0000000000,20201002 14:34:14.069
1188,475.0900000000,20201002 14:34:24.070
1189,475.1000000000,20201002 14:34:39.067
1190,475.1600000000,20201002 14:34:54.067
1191,475.0500000000,20201002 14:35:14.067
1192,475.1600000000,20201002 14:35:24.068
1193,475.2200000000,20201002 14:35:39.067
1194,475.1800000000,20201002 14:36:04.068
1195,475.1100000000,20201002 14:36:19.067
1196,475.0000000000,20201002 14:36:24.069
1197,475.0100000000,20201002 14:36:29.067
1198,475.0900000000,20201002 14:36:39.067
1199,475.0300000000,20201002 14:36:54.067
1200,475.1200000000,20201002 14:37:19.068
1201,475.0400000000,20201002 14:37:29.067
1202,475.0700000000,20201002 14:37:39.067
1203,474.9900000000,20201002 14:37:44.069
1204,475.0400000000,20201002 14:37:54.068
1205,475.0500000000,20201002 14:38:34.067
1206,475.0400000000,20201002 14:38:44.067
1207,475.0700000000,20201002 14:39:49.067
1208,474.9300000000,20201002 14:40:04.070
1209,475.0200000000,20201002 14:40:09.067
1210,475.0100000000,20201002 14:40:24.067
1211,475.0000000000,20201002 14:40:39.067
1212,474.9200000000,20201002 14:40:44.072
1213,474.9500000000,20201002 14:40:54.066
1214,474.9000000000,20201002 14:41:14.068
1215,474.7600000000,20201002 14:41:29.068
1216,474.9500000000,20201002 14:41:49.067
1217,474.8800000000,20201002 14:41:59.069
1218,474.8600000000,20201002 14:42:29.067
1219,474.9300000000,20201002 14:42:39.068
1220,474.9000000000,20201002 14:42:44.070
1221,474.9200000000,20201002 14:42:54.067
1222,474.9900000000,20201002 14:43:39.066
1223,475.0400000000,20201002 14:45:09.066
1224,474.9000000000,20201002 14:45:14.069
1225,474.9300000000,20201002 14:45:19.067
1226,475.0000000000,20201002 14:46:09.070
1227,474.9700000000,20201002 14:46:19.067
1228,474.9600000000,20201002 14:46:24.069
1229,474.8000000000,20201002 14:46:29.067
1230,474.8100000000,20201002 14:46:39.069
1231,474.9300000000,20201002 14:47:04.069
1232,474.9400000000,20201002 14:47:14.068
1233,474.9800000000,20201002 14:47:39.069
1234,474.9100000000,20201002 14:48:19.074
1235,474.9300000000,20201002 14:48:39.067
1236,474.9500000000,20201002 14:48:54.067
1237,475.0200000000,20201002 14:48:59.067
1238,475.0000000000,20201002 14:49:04.069
1239,475.2000000000,20201002 14:49:24.069
1240,475.1200000000,20201002 14:49:34.069
1241,475.1400000000,20201002 14:49:39.068
1242,475.1700000000,20201002 14:49:54.068
1243,473.6000000000,20201002 14:50:14.067
1244,473.6900000000,20201002 14:50:19.067
1245,474.2800000000,20201002 14:50:24.068
1246,475.8000000000,20201002 14:50:29.068
1247,475.2800000000,20201002 14:50:39.067
1248,475.2300000000,20201002 14:50:49.066
1249,475.3000000000,20201002 14:50:54.066
1250,475.2300000000,20201002 14:51:04.067
1251,475.1800000000,20201002 14:51:14.067
1252,475.1400000000,20201002 14:51:19.069
1253,475.1800000000,20201002 14:51:24.068
1254,475.2700000000,20201002 14:51:29.067
1255,475.3000000000,20201002 14:51:34.067
1256,475.4100000000,20201002 14:51:39.067
1257,475.4000000000,20201002 14:51:44.068
1258,475.5000000000,20201002 14:52:39.069
1259,475.4900000000,20201002 14:52:49.068
1260,475.5200000000,20201002 14:53:34.070
1261,475.5000000000,20201002 14:53:39.067
1262,475.5400000000,20201002 14:53:44.068
1263,475.5200000000,20201002 14:54:09.067
1264,475.5900000000,20201002 14:54:39.067
1265,475.5700000000,20201002 14:54:44.068
1266,475.5600000000,20201002 14:54:49.067
1267,475.5700000000,20201002 14:54:54.069
1268,475.6800000000,20201002 14:55:14.068
1269,475.5700000000,20201002 14:55:19.067
1270,475.4700000000,20201002 14:55:24.070
1271,475.5500000000,20201002 14:55:39.067
1272,475.4800000000,20201002 14:55:49.070
1273,475.4600000000,20201002 14:55:54.067
1274,475.4500000000,20201002 14:56:04.070
1275,475.5300000000,20201002 14:56:14.067
1276,475.6500000000,20201002 14:56:34.067
1277,475.6800000000,20201002 14:56:44.069
1278,475.6300000000,20201002 14:57:24.067
1279,475.5600000000,20201002 14:57:29.067
1280,475.6300000000,20201002 14:57:39.068
1281,475.7200000000,20201002 14:57:59.068
1282,475.7400000000,20201002 14:58:14.070
1283,475.7600000000,20201002 14:58:24.067
1284,475.7300000000,20201002 14:58:59.069
1285,475.6900000000,20201002 14:59:09.074
1286,475.7300000000,20201002 14:59:14.067
1287,475.6600000000,20201002 14:59:39.067
1288,475.6100000000,20201002 14:59:44.070
1289,475.7300000000,20201002 14:59:54.069
1290,475.6900000000,20201002 14:59:59.067
1291,475.7100000000,20201002 15:00:04.068
1292,475.7000000000,20201002 15:00:14.067
1293,475.6600000000,20201002 15:00:19.067
1294,475.6200000000,20201002 15:00:29.067
1295,475.6700000000,20201002 15:00:39.070
1296,475.6300000000,20201002 15:00:54.067
1297,475.6400000000,20201002 15:01:19.067
1298,475.6100000000,20201002 15:01:39.070
1299,475.6700000000,20201002 15:02:24.069
1300,475.7100000000,20201002 15:02:29.068
1301,475.7700000000,20201002 15:02:34.067
1302,475.7300000000,20201002 15:02:49.067
1303,475.7400000000,20201002 15:03:29.068
1304,475.6900000000,20201002 15:03:49.067
1305,475.6800000000,20201002 15:03:54.070
1306,475.7000000000,20201002 15:03:59.068
1307,475.6700000000,20201002 15:04:19.069
1308,475.6800000000,20201002 15:04:34.070
1309,475.6900000000,20201002 15:04:44.069
1310,475.7600000000,20201002 15:04:49.068
1311,475.7500000000,20201002 15:04:54.069
1312,475.5600000000,20201002 15:05:34.069
1313,475.6500000000,20201002 15:05:39.068
1314,475.6400000000,20201002 15:05:49.069
1315,475.6600000000,20201002 15:06:19.068
1316,475.6200000000,20201002 15:06:39.068
1317,475.5800000000,20201002 15:07:39.068
1318,475.7100000000,20201002 15:07:49.069
1319,475.5800000000,20201002 15:07:59.069
1320,475.6500000000,20201002 15:08:04.070
1321,475.6800000000,20201002 15:08:09.068
1322,475.6600000000,20201002 15:08:14.070
1323,475.5900000000,20201002 15:08:19.068
1324,475.6300000000,20201002 15:08:39.069
1325,475.7200000000,20201002 15:08:44.068
1326,475.7300000000,20201002 15:08:54.071
1327,475.7200000000,20201002 15:09:09.068
1328,475.7600000000,20201002 15:09:19.070
1329,475.8100000000,20201002 15:09:24.070
1330,475.7700000000,20201002 15:09:39.068
1331,475.5000000000,20201002 15:09:59.069
1332,475.4500000000,20201002 15:10:04.070
1333,475.5500000000,20201002 15:10:09.070
1334,475.5000000000,20201002 15:10:34.070
1335,475.5500000000,20201002 15:10:49.069
1336,475.5400000000,20201002 15:11:19.070
1337,475.5900000000,20201002 15:11:39.071
1338,475.5400000000,20201002 15:11:54.070
1339,475.5900000000,20201002 15:12:14.069
1340,475.5500000000,20201002 15:12:24.071
1341,475.6200000000,20201002 15:13:14.069
1342,475.6400000000,20201002 15:13:19.070
1343,475.6100000000,20201002 15:13:24.069
1344,475.6300000000,20201002 15:13:39.069
1345,475.6100000000,20201002 15:14:09.069
1346,475.6300000000,20201002 15:14:14.069
1347,475.6100000000,20201002 15:14:19.070
1348,475.6400000000,20201002 15:14:39.068
1349,475.6500000000,20201002 15:15:24.072
1350,475.6100000000,20201002 15:15:29.070
1351,475.5500000000,20201002 15:15:34.070
1352,475.5200000000,20201002 15:15:39.072
1353,475.4700000000,20201002 15:15:44.071
1354,475.5200000000,20201002 15:16:14.070
1355,475.5900000000,20201002 15:16:24.072
1356,475.6000000000,20201002 15:16:39.070
1357,475.6300000000,20201002 15:17:39.070
1358,475.6900000000,20201002 15:17:49.071
1359,475.7400000000,20201002 15:17:59.073
1360,475.7700000000,20201002 15:18:14.070
1361,475.7600000000,20201002 15:18:39.071
1362,475.8100000000,20201002 15:18:54.085
1363,475.8500000000,20201002 15:19:24.073
1364,475.9000000000,20201002 15:19:34.071
1365,476.0200000000,20201002 15:19:44.072
1366,476.0300000000,20201002 15:20:34.071
1367,476.0700000000,20201002 15:20:39.071
1368,476.1800000000,20201002 15:20:44.072
1369,476.1400000000,20201002 15:21:04.072
1370,476.0500000000,20201002 15:21:14.072
1371,476.1000000000,20201002 15:21:34.071
1372,476.1200000000,20201002 15:21:44.073
1373,476.0600000000,20201002 15:21:49.073
1374,476.0000000000,20201002 15:21:54.071
1375,476.0200000000,20201002 15:21:59.071
1376,475.8800000000,20201002 15:22:14.071
1377,476.1100000000,20201002 15:22:39.071
1378,476.0600000000,20201002 15:22:59.071
1379,476.0800000000,20201002 15:23:04.072
1380,476.0700000000,20201002 15:24:04.073
1381,476.0800000000,20201002 15:24:09.071
1382,475.9100000000,20201002 15:24:14.072
1383,475.8900000000,20201002 15:25:09.071
1384,475.8500000000,20201002 15:25:14.073
1385,475.9000000000,20201002 15:25:39.071
1386,475.8700000000,20201002 15:25:44.074
1387,475.9500000000,20201002 15:26:09.071
1388,475.9700000000,20201002 15:26:14.074
1389,475.9600000000,20201002 15:26:24.074
1390,475.8700000000,20201002 15:26:34.074
1391,475.8200000000,20201002 15:26:44.073
1392,475.8700000000,20201002 15:26:54.073
1393,475.8500000000,20201002 15:26:59.073
1394,475.9700000000,20201002 15:27:24.072
1395,475.8300000000,20201002 15:27:29.072
1396,475.7900000000,20201002 15:27:34.073
1397,475.8900000000,20201002 15:27:39.073
1398,475.8700000000,20201002 15:27:44.072
1399,475.9400000000,20201002 15:28:14.073
1400,475.9600000000,20201002 15:28:24.073
1401,475.9500000000,20201002 15:28:34.072
1402,476.1800000000,20201002 15:28:44.077
1403,476.1900000000,20201002 15:28:49.072
1404,476.3400000000,20201002 15:29:04.075
1405,476.4200000000,20201002 15:29:14.073
1406,476.4400000000,20201002 15:29:24.075
1407,476.4200000000,20201002 15:29:29.073
1408,476.3200000000,20201002 15:29:34.073
1409,476.4200000000,20201002 15:29:44.074
1410,476.3800000000,20201002 15:29:59.072
1411,476.4200000000,20201002 15:30:44.072
1412,476.3400000000,20201002 15:30:49.072
1413,476.3900000000,20201002 15:31:24.075
1414,476.4500000000,20201002 15:31:39.075
1415,476.4900000000,20201002 15:31:44.075
1416,476.4700000000,20201002 15:31:49.072
1417,476.3700000000,20201002 15:32:14.073
1418,476.4200000000,20201002 15:32:24.075
1419,476.3700000000,20201002 15:32:49.073
1420,476.3200000000,20201002 15:32:54.073
1421,476.4400000000,20201002 15:33:29.072
1422,476.4200000000,20201002 15:33:44.071
1423,476.2800000000,20201002 15:34:19.071
1424,476.3300000000,20201002 15:34:29.074
1425,476.4200000000,20201002 15:34:39.073
1426,476.4900000000,20201002 15:34:44.073
1427,476.4500000000,20201002 15:34:59.071
1428,476.4000000000,20201002 15:35:09.071
1429,476.2700000000,20201002 15:35:39.071
1430,476.2200000000,20201002 15:35:44.077
1431,476.2900000000,20201002 15:36:19.070
1432,476.3700000000,20201002 15:36:44.072
1433,476.4000000000,20201002 15:36:49.070
1434,476.3100000000,20201002 15:37:09.073
1435,476.3500000000,20201002 15:37:14.070
1436,476.3800000000,20201002 15:37:24.072
1437,476.3500000000,20201002 15:37:39.072
1438,476.3400000000,20201002 15:39:04.071
1439,476.2900000000,20201002 15:39:14.073
1440,476.2300000000,20201002 15:39:24.073
1441,476.2800000000,20201002 15:39:44.071
1442,476.2000000000,20201002 15:39:49.071
1443,476.0800000000,20201002 15:39:59.072
1444,476.0900000000,20201002 15:40:19.070
1445,476.0700000000,20201002 15:40:34.070
1446,476.0500000000,20201002 15:40:39.069
1447,476.1000000000,20201002 15:40:44.070
1448,476.1500000000,20201002 15:40:59.070
1449,476.2400000000,20201002 15:41:24.070
1450,476.1900000000,20201002 15:41:44.072
1451,476.1500000000,20201002 15:41:49.072
1452,476.0500000000,20201002 15:41:54.071
1453,476.0600000000,20201002 15:41:59.070
1454,476.1700000000,20201002 15:42:04.071
1455,476.2700000000,20201002 15:42:14.071
1456,476.2300000000,20201002 15:42:24.072
1457,476.3300000000,20201002 15:42:39.070
1458,476.3800000000,20201002 15:42:44.072
1459,476.3600000000,20201002 15:42:49.071
1460,476.3900000000,20201002 15:43:19.070
1461,476.4100000000,20201002 15:43:24.071
1462,476.3900000000,20201002 15:43:29.071
1463,476.4600000000,20201002 15:43:39.071
1464,476.4800000000,20201002 15:43:44.071
1465,476.4600000000,20201002 15:43:49.071
1466,476.4100000000,20201002 15:44:34.070
1467,476.4800000000,20201002 15:44:39.072
1468,476.5100000000,20201002 15:44:44.072
1469,476.4900000000,20201002 15:44:49.069
1470,476.4700000000,20201002 15:44:54.070
1471,476.4300000000,20201002 15:45:24.072
1472,476.3500000000,20201002 15:45:34.069
1473,476.3800000000,20201002 15:45:44.070
1474,476.3700000000,20201002 15:45:54.069
1475,476.3500000000,20201002 15:45:59.069
1476,476.3900000000,20201002 15:46:04.071
1477,476.0100000000,20201002 15:46:39.069
1478,476.0400000000,20201002 15:46:44.069
1479,475.9900000000,20201002 15:46:49.071
1480,475.9300000000,20201002 15:47:04.070
1481,475.9100000000,20201002 15:47:09.069
1482,475.9200000000,20201002 15:47:44.072
1483,475.8800000000,20201002 15:49:29.070
1484,475.9000000000,20201002 15:49:44.070
1485,475.9200000000,20201002 15:49:49.069
1486,476.0000000000,20201002 15:49:59.068
1487,475.9500000000,20201002 15:51:39.068
1488,475.9900000000,20201002 15:51:44.068
1489,475.9000000000,20201002 15:52:14.068
1490,475.9300000000,20201002 15:52:39.068
1491,475.9100000000,20201002 15:52:44.068
1492,475.8700000000,20201002 15:53:59.068
1493,475.8100000000,20201002 15:54:24.066
1494,475.8300000000,20201002 15:54:34.069
1495,475.7700000000,20201002 15:55:29.067
1496,475.7900000000,20201002 15:55:39.067
1497,475.8700000000,20201002 15:55:49.067
1498,475.7800000000,20201002 15:56:04.068
1499,475.6000000000,20201002 15:56:14.067
1500,475.5500000000,20201002 15:56:19.069
1501,475.4700000000,20201002 15:56:29.067
1502,475.4100000000,20201002 15:56:44.068
1503,475.5200000000,20201002 15:57:34.068
1504,475.4100000000,20201002 15:57:39.068
1505,475.3600000000,20201002 15:57:44.068
1506,475.4100000000,20201002 15:57:49.069
1507,475.3800000000,20201002 15:58:44.069
1508,475.3600000000,20201002 15:59:29.066
1509,475.3700000000,20201002 15:59:49.068
1510,475.3500000000,20201002 16:00:04.068
1511,475.5000000000,20201002 16:00:54.066
1512,475.4500000000,20201002 16:01:04.069
1513,475.4600000000,20201002 16:01:14.068
1514,475.3900000000,20201002 16:01:29.067
1515,475.4100000000,20201002 16:01:44.068
1516,475.3900000000,20201002 16:01:59.066
1517,475.3300000000,20201002 16:02:04.069
1518,475.1400000000,20201002 16:02:19.069
1519,475.1500000000,20201002 16:02:24.068
1520,475.1900000000,20201002 16:02:44.068
1521,475.1700000000,20201002 16:02:59.067
1522,475.1900000000,20201002 16:03:04.067
1523,475.3600000000,20201002 16:03:09.066
1524,475.2400000000,20201002 16:03:14.066
1525,475.1900000000,20201002 16:03:19.066
1526,475.1800000000,20201002 16:03:24.068
1527,475.2300000000,20201002 16:03:39.066
1528,475.2700000000,20201002 16:03:44.066
1529,474.4200000000,20201002 16:03:54.066
1530,474.4300000000,20201002 16:04:04.069
1531,474.3700000000,20201002 16:04:09.066
1532,474.3000000000,20201002 16:04:14.066
1533,474.3200000000,20201002 16:04:19.066
1534,474.3900000000,20201002 16:04:44.071
1535,474.4500000000,20201002 16:05:14.068
1536,474.4300000000,20201002 16:05:24.068
1537,474.2900000000,20201002 16:05:39.066
1538,474.2400000000,20201002 16:05:49.066
1539,474.3300000000,20201002 16:05:59.065
1540,474.3900000000,20201002 16:06:04.069
1541,474.3800000000,20201002 16:06:19.067
1542,474.3600000000,20201002 16:06:24.069
1543,474.3900000000,20201002 16:06:44.068
1544,474.4300000000,20201002 16:06:54.066
1545,474.6400000000,20201002 16:07:04.068
1546,474.6600000000,20201002 16:07:24.067
1547,474.6700000000,20201002 16:07:29.066
1548,474.7000000000,20201002 16:07:44.068
1549,474.7100000000,20201002 16:07:49.066
1550,474.7500000000,20201002 16:07:54.068
1551,474.7700000000,20201002 16:07:59.066
1552,474.8600000000,20201002 16:08:04.068
1553,474.9200000000,20201002 16:08:09.066
1554,474.9500000000,20201002 16:08:24.067
1555,474.9700000000,20201002 16:08:29.066
1556,474.9600000000,20201002 16:08:39.068
1557,474.9300000000,20201002 16:08:44.067
1558,474.8900000000,20201002 16:08:59.066
1559,474.9000000000,20201002 16:09:29.066
1560,474.9500000000,20201002 16:09:34.066
1561,475.0000000000,20201002 16:09:39.066
1562,474.9800000000,20201002 16:09:44.067
1563,475.0200000000,20201002 16:09:54.068
1564,475.1300000000,20201002 16:10:04.068
1565,475.1000000000,20201002 16:10:14.067
1566,475.1300000000,20201002 16:10:24.066
1567,475.2300000000,20201002 16:10:34.066
1568,475.3500000000,20201002 16:10:39.066
1569,475.3100000000,20201002 16:10:49.068
1570,475.2400000000,20201002 16:10:54.068
1571,475.2600000000,20201002 16:10:59.067
1572,475.2100000000,20201002 16:11:09.071
1573,475.2400000000,20201002 16:11:19.066
1574,475.2800000000,20201002 16:11:44.068
1575,475.2100000000,20201002 16:12:04.071
1576,475.2200000000,20201002 16:12:14.067
1577,475.2300000000,20201002 16:12:19.068
1578,475.2400000000,20201002 16:12:29.065
1579,475.2800000000,20201002 16:12:44.066
1580,475.2600000000,20201002 16:12:54.065
1581,475.2800000000,20201002 16:12:59.065
1582,475.2700000000,20201002 16:13:04.067
1583,475.2400000000,20201002 16:13:14.068
1584,475.3200000000,20201002 16:13:44.068
1585,475.3100000000,20201002 16:13:49.065
1586,475.2900000000,20201002 16:13:54.065
1587,475.4400000000,20201002 16:13:59.065
1588,475.5600000000,20201002 16:14:04.068
1589,475.6400000000,20201002 16:14:14.067
1590,475.6100000000,20201002 16:14:24.069
1591,475.5400000000,20201002 16:14:34.068
1592,475.5800000000,20201002 16:14:39.065
1593,475.5700000000,20201002 16:14:44.065
1594,475.6700000000,20201002 16:14:54.064
1595,475.7000000000,20201002 16:14:59.065
1596,475.6400000000,20201002 16:15:09.067
1597,475.5400000000,20201002 16:15:14.066
1598,475.5200000000,20201002 16:15:24.067
1599,475.5600000000,20201002 16:15:34.067
1600,475.4400000000,20201002 16:15:44.067
1601,475.3900000000,20201002 16:15:59.065
1602,475.5900000000,20201002 16:16:04.067
1603,475.6400000000,20201002 16:16:14.067
1604,475.7400000000,20201002 16:16:24.067
1605,475.8100000000,20201002 16:16:34.066
1606,475.8200000000,20201002 16:16:39.064
1607,475.8700000000,20201002 16:16:44.065
1608,475.7800000000,20201002 16:16:49.068
1609,475.8500000000,20201002 16:16:54.067
1610,475.8800000000,20201002 16:16:59.065
1611,475.8400000000,20201002 16:17:04.068
1612,475.7600000000,20201002 16:17:09.066
1613,475.7900000000,20201002 16:17:19.068
1614,475.7500000000,20201002 16:17:24.068
1615,475.7700000000,20201002 16:17:29.064
1616,475.7400000000,20201002 16:17:34.065
1617,475.8400000000,20201002 16:17:44.070
1618,475.8100000000,20201002 16:18:04.066
1619,475.7600000000,20201002 16:18:19.066
1620,475.7800000000,20201002 16:18:29.065
1621,475.7500000000,20201002 16:18:39.065
1622,475.8000000000,20201002 16:18:44.066
1623,475.7400000000,20201002 16:19:04.067
1624,475.8700000000,20201002 16:19:19.067
1625,475.8500000000,20201002 16:19:29.065
1626,475.8000000000,20201002 16:19:39.067
1627,475.8900000000,20201002 16:19:44.066
1628,475.8300000000,20201002 16:19:49.065
1629,475.8000000000,20201002 16:19:54.065
1630,475.8300000000,20201002 16:20:04.066
1631,475.8500000000,20201002 16:20:09.067
1632,475.9300000000,20201002 16:20:14.067
1633,476.1500000000,20201002 16:20:24.066
1634,476.1300000000,20201002 16:20:34.065
1635,476.1500000000,20201002 16:20:44.066
1636,476.0400000000,20201002 16:21:14.068
1637,475.9100000000,20201002 16:21:24.067
1638,475.8600000000,20201002 16:21:49.067
1639,475.8500000000,20201002 16:21:54.066
1640,475.7400000000,20201002 16:21:59.065
1641,475.7600000000,20201002 16:22:09.070
1642,475.7900000000,20201002 16:22:19.067
1643,475.7500000000,20201002 16:22:24.067
1644,475.7800000000,20201002 16:22:44.066
1645,475.8100000000,20201002 16:23:19.064
1646,475.8500000000,20201002 16:23:24.066
1647,475.8300000000,20201002 16:23:34.066
1648,475.8900000000,20201002 16:23:39.065
1649,475.9300000000,20201002 16:23:44.066
1650,475.9700000000,20201002 16:24:14.066
1651,475.9800000000,20201002 16:24:34.064
1652,475.9600000000,20201002 16:24:44.066
1653,475.9800000000,20201002 16:24:49.065
1654,475.9300000000,20201002 16:24:54.065
1655,475.9000000000,20201002 16:24:59.065
1656,475.9400000000,20201002 16:25:04.066
1657,476.0000000000,20201002 16:25:14.067
1658,475.9700000000,20201002 16:25:39.067
1659,475.9900000000,20201002 16:25:44.067
1660,476.0600000000,20201002 16:25:49.067
1661,476.0300000000,20201002 16:25:59.065
1662,476.0100000000,20201002 16:26:34.065
1663,476.0400000000,20201002 16:26:39.066
1664,476.0700000000,20201002 16:26:44.066
1665,476.2500000000,20201002 16:26:54.065
1666,476.3200000000,20201002 16:26:59.065
1667,476.1600000000,20201002 16:27:04.067
1668,476.1000000000,20201002 16:27:09.066
1669,476.0500000000,20201002 16:27:14.066
1670,476.1200000000,20201002 16:27:49.065
1671,476.0000000000,20201002 16:27:59.067
1672,476.0900000000,20201002 16:28:04.068
1673,476.1600000000,20201002 16:28:44.067
1674,476.1000000000,20201002 16:29:34.068
1675,476.0500000000,20201002 16:29:39.065
1676,476.0800000000,20201002 16:29:59.065
1677,476.0200000000,20201002 16:30:09.065
1678,476.0400000000,20201002 16:30:19.065
1679,475.9300000000,20201002 16:30:39.065
1680,475.9700000000,20201002 16:30:44.068
1681,475.9300000000,20201002 16:30:49.068
1682,475.9100000000,20201002 16:30:54.065
1683,475.8700000000,20201002 16:30:59.070
1684,475.8500000000,20201002 16:31:29.066
1685,475.9200000000,20201002 16:31:44.066
1686,475.8700000000,20201002 16:32:14.067
1687,475.8600000000,20201002 16:32:39.065
1688,475.9000000000,20201002 16:32:49.065
1689,475.8100000000,20201002 16:33:14.066
1690,475.7300000000,20201002 16:33:29.065
1691,475.7700000000,20201002 16:33:44.068
1692,475.7900000000,20201002 16:34:29.066
1693,475.7300000000,20201002 16:34:39.068
1694,475.7600000000,20201002 16:34:44.067
1695,475.8200000000,20201002 16:34:49.066
1696,475.6900000000,20201002 16:35:14.067
1697,475.6800000000,20201002 16:35:34.068
1698,475.6900000000,20201002 16:35:49.065
1699,475.7400000000,20201002 16:35:54.065
1700,475.8200000000,20201002 16:36:04.067
1701,475.8300000000,20201002 16:36:39.066
1702,475.8400000000,20201002 16:36:49.065
1703,475.8200000000,20201002 16:37:09.068
1704,475.7900000000,20201002 16:37:19.065
1705,475.6400000000,20201002 16:37:44.066
1706,475.6600000000,20201002 16:37:54.065
1707,475.6700000000,20201002 16:38:14.065
1708,475.6900000000,20201002 16:38:19.066
1709,475.7200000000,20201002 16:38:34.067
1710,475.7300000000,20201002 16:38:39.065
1711,475.6700000000,20201002 16:39:24.068
1712,475.6100000000,20201002 16:39:34.064
1713,475.6700000000,20201002 16:39:39.068
1714,475.6900000000,20201002 16:39:44.072
1715,475.7100000000,20201002 16:40:04.068
1716,475.6900000000,20201002 16:40:34.067
1717,475.6300000000,20201002 16:40:44.068
1718,475.7600000000,20201002 16:40:59.067
1719,475.7100000000,20201002 16:41:04.066
1720,475.7900000000,20201002 16:41:24.068
1721,475.8100000000,20201002 16:41:49.067
1722,475.8500000000,20201002 16:41:54.068
1723,475.9500000000,20201002 16:42:04.067
1724,475.9000000000,20201002 16:42:09.066
1725,475.8700000000,20201002 16:42:14.066
1726,475.9200000000,20201002 16:43:09.065
1727,475.9000000000,20201002 16:43:19.066
1728,475.9600000000,20201002 16:43:29.066
1729,475.9400000000,20201002 16:43:34.065
1730,475.9700000000,20201002 16:43:39.068
1731,475.9400000000,20201002 16:43:44.067
1732,476.0000000000,20201002 16:43:49.067
1733,476.0900000000,20201002 16:44:04.067
1734,476.1100000000,20201002 16:44:14.067
1735,476.0000000000,20201002 16:44:24.067
1736,475.8000000000,20201002 16:45:19.065
1737,475.7300000000,20201002 16:45:24.065
1738,475.7800000000,20201002 16:45:34.066
1739,475.7400000000,20201002 16:45:39.066
1740,475.7900000000,20201002 16:45:54.066
1741,475.8300000000,20201002 16:46:04.066
1742,475.8900000000,20201002 16:46:44.066
1743,475.9400000000,20201002 16:46:49.065
1744,475.9200000000,20201002 16:46:54.067
1745,475.8600000000,20201002 16:47:14.066
1746,475.7800000000,20201002 16:47:19.065
1747,475.6600000000,20201002 16:47:29.065
1748,475.7100000000,20201002 16:47:39.065